"Priority","Identifier","File","Line","Evidence trail","Background information","Source hash","Scanner","Source component"
"2","AvoidThreadGroup","C:\pmd_baseline\amc3\src\ActionManager\com\ibm\di\amc\actionmanager\ALExecutionIntervalListener.java","263","Avoid using ThreadGroup; it is not thread safe","http://pmd.sourceforge.net/rules/index.html#AvoidThreadGroup","-477713142","pmd",
"2","AvoidThreadGroup","C:\pmd_baseline\amc3\src\ActionManager\com\ibm\di\amc\actionmanager\AMLocalVariableListener.java","253","Avoid using ThreadGroup; it is not thread safe","http://pmd.sourceforge.net/rules/index.html#AvoidThreadGroup","-477713142","pmd",
"2","AvoidThreadGroup","C:\pmd_baseline\amc3\src\ActionManager\com\ibm\di\amc\actionmanager\APIFailureListener.java","178","Avoid using ThreadGroup; it is not thread safe","http://pmd.sourceforge.net/rules/index.html#AvoidThreadGroup","-477713142","pmd",
"2","AvoidThreadGroup","C:\pmd_baseline\amc3\src\ActionManager\com\ibm\di\amc\actionmanager\AssemblyLineStartListener.java","175","Avoid using ThreadGroup; it is not thread safe","http://pmd.sourceforge.net/rules/index.html#AvoidThreadGroup","-477713142","pmd",
"2","AvoidThreadGroup","C:\pmd_baseline\amc3\src\ActionManager\com\ibm\di\amc\actionmanager\AssemblyLineTerminateListener.java","229","Avoid using ThreadGroup; it is not thread safe","http://pmd.sourceforge.net/rules/index.html#AvoidThreadGroup","-477713142","pmd",
"2","AvoidThreadGroup","C:\pmd_baseline\amc3\src\ActionManager\com\ibm\di\amc\actionmanager\ConfigLoadListener.java","147","Avoid using ThreadGroup; it is not thread safe","http://pmd.sourceforge.net/rules/index.html#AvoidThreadGroup","-477713142","pmd",
"2","AvoidThreadGroup","C:\pmd_baseline\amc3\src\ActionManager\com\ibm\di\amc\actionmanager\ConfigUnloadListener.java","147","Avoid using ThreadGroup; it is not thread safe","http://pmd.sourceforge.net/rules/index.html#AvoidThreadGroup","-477713142","pmd",
"2","AvoidThreadGroup","C:\pmd_baseline\amc3\src\ActionManager\com\ibm\di\amc\actionmanager\EventTriggeredListener.java","250","Avoid using ThreadGroup; it is not thread safe","http://pmd.sourceforge.net/rules/index.html#AvoidThreadGroup","-477713142","pmd",
"2","AvoidThreadGroup","C:\pmd_baseline\amc3\src\ActionManager\com\ibm\di\amc\actionmanager\InspectALExitCodeListener.java","239","Avoid using ThreadGroup; it is not thread safe","http://pmd.sourceforge.net/rules/index.html#AvoidThreadGroup","-477713142","pmd",
"2","AvoidThreadGroup","C:\pmd_baseline\amc3\src\ActionManager\com\ibm\di\amc\actionmanager\PropertyValueListener.java","253","Avoid using ThreadGroup; it is not thread safe","http://pmd.sourceforge.net/rules/index.html#AvoidThreadGroup","-477713142","pmd",
"2","AvoidThreadGroup","C:\pmd_baseline\amc3\src\ActionManager\com\ibm\di\amc\actionmanager\QueryALListener.java","249","Avoid using ThreadGroup; it is not thread safe","http://pmd.sourceforge.net/rules/index.html#AvoidThreadGroup","-477713142","pmd",
"2","AvoidThreadGroup","C:\pmd_baseline\amc3\src\ActionManager\com\ibm\di\amc\actionmanager\TimerTriggerListener.java","156","Avoid using ThreadGroup; it is not thread safe","http://pmd.sourceforge.net/rules/index.html#AvoidThreadGroup","-477713142","pmd",
"2","AvoidThreadGroup","C:\pmd_baseline\src\com\ibm\di\queue\MemBufferQFactory.java","204","Avoid using ThreadGroup; it is not thread safe","http://pmd.sourceforge.net/rules/index.html#AvoidThreadGroup","-1260501813","pmd",
"2","AvoidThreadGroup","C:\pmd_baseline\src\com\ibm\di\queue\MemBufferQFactory.java","81","Avoid using ThreadGroup; it is not thread safe","http://pmd.sourceforge.net/rules/index.html#AvoidThreadGroup","2010199442","pmd",
"2","AvoidThreadGroup","C:\pmd_baseline\src\com\ibm\di\queue\MemBufferQFactory.java","84","Avoid using ThreadGroup; it is not thread safe","http://pmd.sourceforge.net/rules/index.html#AvoidThreadGroup","-1610826412","pmd",
"2","AvoidThreadGroup","C:\pmd_baseline\src\com\ibm\di\queue\MemBufferQFactory.java","87","Avoid using ThreadGroup; it is not thread safe","http://pmd.sourceforge.net/rules/index.html#AvoidThreadGroup","665983324","pmd",
"2","AvoidThreadGroup","C:\pmd_baseline\src\com\ibm\di\server\RS.java","2852","Avoid using ThreadGroup; it is not thread safe","http://pmd.sourceforge.net/rules/index.html#AvoidThreadGroup","-1930207860","pmd",
"2","AvoidUsingHardCodedIP","C:\pmd_baseline\src\com\ibm\di\UpdateInstaller\Fix.java","270","Do not hard code IPv4 or IPv6 addresses, even 127.0.0.1 !","http://pmd.sourceforge.net/rules/index.html#AvoidUsingHardCodedIP","-850255652","pmd",
"2","AvoidUsingHardCodedIP","C:\pmd_baseline\src\com\ibm\di\UpdateInstaller\Fix.java","272","Do not hard code IPv4 or IPv6 addresses, even 127.0.0.1 !","http://pmd.sourceforge.net/rules/index.html#AvoidUsingHardCodedIP","-1760153117","pmd",
"2","AvoidUsingHardCodedIP","C:\pmd_baseline\src\com\ibm\di\UpdateInstaller\Fix.java","47","Do not hard code IPv4 or IPv6 addresses, even 127.0.0.1 !","http://pmd.sourceforge.net/rules/index.html#AvoidUsingHardCodedIP","1377388684","pmd",
"2","AvoidUsingHardCodedIP","C:\pmd_baseline\src\com\ibm\di\UpdateInstaller\Fix.java","52","Do not hard code IPv4 or IPv6 addresses, even 127.0.0.1 !","http://pmd.sourceforge.net/rules/index.html#AvoidUsingHardCodedIP","816928962","pmd",
"2","CheckResultSet","C:\pmd_baseline\amc3\src\migamcdb\com\ibm\di\amc\migrateDB\BackupData.java","190","Always check the return of one of the navigation method (next,previous,first,last) of a ResultSet.","http://pmd.sourceforge.net/rules/index.html#CheckResultSet","-137087902","pmd",
"2","CheckResultSet","C:\pmd_baseline\export\ce_rcp\plugins\com.ibm.tdi.rcp\src\com\ibm\tdi\eclipse\editors\SystemStoreEditor.java","416","Always check the return of one of the navigation method (next,previous,first,last) of a ResultSet.","http://pmd.sourceforge.net/rules/index.html#CheckResultSet","-143665395","pmd",
"2","CheckResultSet","C:\pmd_baseline\export\ce_rcp\plugins\com.ibm.tdi.rcp\src\com\ibm\tdi\eclipse\editors\SystemStoreEditor.java","567","Always check the return of one of the navigation method (next,previous,first,last) of a ResultSet.","http://pmd.sourceforge.net/rules/index.html#CheckResultSet","-356730873","pmd",
"2","CheckResultSet","C:\pmd_baseline\src\com\ibm\di\connector\DBChangelogConnector.java","646","Always check the return of one of the navigation method (next,previous,first,last) of a ResultSet.","http://pmd.sourceforge.net/rules/index.html#CheckResultSet","-561365078","pmd",
"2","CheckResultSet","C:\pmd_baseline\src\com\ibm\di\connector\JDBCConnector.java","1525","Always check the return of one of the navigation method (next,previous,first,last) of a ResultSet.","http://pmd.sourceforge.net/rules/index.html#CheckResultSet","-561365078","pmd",
"2","CheckResultSet","C:\pmd_baseline\src\com\ibm\di\connector\JDBCConnector.java","367","Always check the return of one of the navigation method (next,previous,first,last) of a ResultSet.","http://pmd.sourceforge.net/rules/index.html#CheckResultSet","-1403231372","pmd",
"2","CheckResultSet","C:\pmd_baseline\src\com\ibm\di\connector\JDBCConnector.java","375","Always check the return of one of the navigation method (next,previous,first,last) of a ResultSet.","http://pmd.sourceforge.net/rules/index.html#CheckResultSet","-514006218","pmd",
"2","EmptyCatchBlock","C:\pmd_baseline\export\ce_rcp\plugins\com.ibm.tdi.loader\src\com\ibm\tdi\loader\TDIClassLoaderHook.java","159","Avoid empty catch blocks","http://pmd.sourceforge.net/rules/index.html#EmptyCatchBlock","-785012211","pmd",
"2","EmptyCatchBlock","C:\pmd_baseline\export\ce_rcp\plugins\com.ibm.tdi.loader\src\com\ibm\tdi\loader\TDIClassLoaderHook.java","202","Avoid empty catch blocks","http://pmd.sourceforge.net/rules/index.html#EmptyCatchBlock","232907041","pmd",
"2","EmptyCatchBlock","C:\pmd_baseline\export\ce_rcp\plugins\com.ibm.tdi.rcp\src\com\ibm\di\config\eclipse\TDIConfigurationFile.java","439","Avoid empty catch blocks","http://pmd.sourceforge.net/rules/index.html#EmptyCatchBlock","-12395877","pmd",
"2","EmptyCatchBlock","C:\pmd_baseline\export\ce_rcp\plugins\com.ibm.tdi.rcp\src\com\ibm\di\config\eclipse\TDIConfigurationFile.java","485","Avoid empty catch blocks","http://pmd.sourceforge.net/rules/index.html#EmptyCatchBlock","1965211283","pmd",
"2","EmptyCatchBlock","C:\pmd_baseline\export\ce_rcp\plugins\com.ibm.tdi.rcp\src\com\ibm\di\config\eclipse\TDIConfigurationFile.java","824","Avoid empty catch blocks","http://pmd.sourceforge.net/rules/index.html#EmptyCatchBlock","159970859","pmd",
"2","EmptyCatchBlock","C:\pmd_baseline\export\ce_rcp\plugins\com.ibm.tdi.rcp\src\com\ibm\di\config\eclipse\TDIConfigurationFile.java","890","Avoid empty catch blocks","http://pmd.sourceforge.net/rules/index.html#EmptyCatchBlock","219354138","pmd",
"2","EmptyCatchBlock","C:\pmd_baseline\export\ce_rcp\plugins\com.ibm.tdi.rcp\src\com\ibm\tdi\eclipse\ConfigUtils.java","144","Avoid empty catch blocks","http://pmd.sourceforge.net/rules/index.html#EmptyCatchBlock","232907041","pmd",
"2","EmptyCatchBlock","C:\pmd_baseline\export\ce_rcp\plugins\com.ibm.tdi.rcp\src\com\ibm\tdi\eclipse\ConfigUtils.java","640","Avoid empty catch blocks","http://pmd.sourceforge.net/rules/index.html#EmptyCatchBlock","-784738266","pmd",
"2","EmptyCatchBlock","C:\pmd_baseline\export\ce_rcp\plugins\com.ibm.tdi.rcp\src\com\ibm\tdi\eclipse\ConfigUtils.java","647","Avoid empty catch blocks","http://pmd.sourceforge.net/rules/index.html#EmptyCatchBlock","-784708475","pmd",
"2","EmptyCatchBlock","C:\pmd_baseline\export\ce_rcp\plugins\com.ibm.tdi.rcp\src\com\ibm\tdi\eclipse\ConfigUtils.java","654","Avoid empty catch blocks","http://pmd.sourceforge.net/rules/index.html#EmptyCatchBlock","-784708475","pmd",
"2","EmptyCatchBlock","C:\pmd_baseline\export\ce_rcp\plugins\com.ibm.tdi.rcp\src\com\ibm\tdi\eclipse\ConfigUtils.java","85","Avoid empty catch blocks","http://pmd.sourceforge.net/rules/index.html#EmptyCatchBlock","-1369512460","pmd",
"2","EmptyCatchBlock","C:\pmd_baseline\export\ce_rcp\plugins\com.ibm.tdi.rcp\src\com\ibm\tdi\eclipse\IntroPart.java","166","Avoid empty catch blocks","http://pmd.sourceforge.net/rules/index.html#EmptyCatchBlock","-1549343632","pmd",
"2","EmptyCatchBlock","C:\pmd_baseline\export\ce_rcp\plugins\com.ibm.tdi.rcp\src\com\ibm\tdi\eclipse\TDI.java","130","Avoid empty catch blocks","http://pmd.sourceforge.net/rules/index.html#EmptyCatchBlock","-1549343632","pmd",
"2","EmptyCatchBlock","C:\pmd_baseline\export\ce_rcp\plugins\com.ibm.tdi.rcp\src\com\ibm\tdi\eclipse\actions\RunReportAction.java","181","Avoid empty catch blocks","http://pmd.sourceforge.net/rules/index.html#EmptyCatchBlock","232907041","pmd",
"2","EmptyCatchBlock","C:\pmd_baseline\export\ce_rcp\plugins\com.ibm.tdi.rcp\src\com\ibm\tdi\eclipse\actions\RunReportAction.java","215","Avoid empty catch blocks","http://pmd.sourceforge.net/rules/index.html#EmptyCatchBlock","232907041","pmd",
"2","EmptyCatchBlock","C:\pmd_baseline\export\ce_rcp\plugins\com.ibm.tdi.rcp\src\com\ibm\tdi\eclipse\builders\IncrementalConfigBuilder.java","179","Avoid empty catch blocks","http://pmd.sourceforge.net/rules/index.html#EmptyCatchBlock","-1129882129","pmd",
"2","EmptyCatchBlock","C:\pmd_baseline\export\ce_rcp\plugins\com.ibm.tdi.rcp\src\com\ibm\tdi\eclipse\builders\IncrementalConfigBuilder.java","316","Avoid empty catch blocks","http://pmd.sourceforge.net/rules/index.html#EmptyCatchBlock","219354138","pmd",
"2","EmptyCatchBlock","C:\pmd_baseline\export\ce_rcp\plugins\com.ibm.tdi.rcp\src\com\ibm\tdi\eclipse\builders\IncrementalConfigBuilder.java","337","Avoid empty catch blocks","http://pmd.sourceforge.net/rules/index.html#EmptyCatchBlock","1107978786","pmd",
"2","EmptyCatchBlock","C:\pmd_baseline\export\ce_rcp\plugins\com.ibm.tdi.rcp\src\com\ibm\tdi\eclipse\builders\IncrementalConfigBuilder.java","357","Avoid empty catch blocks","http://pmd.sourceforge.net/rules/index.html#EmptyCatchBlock","232907041","pmd",
"2","EmptyCatchBlock","C:\pmd_baseline\export\ce_rcp\plugins\com.ibm.tdi.rcp\src\com\ibm\tdi\eclipse\builders\IncrementalConfigBuilder.java","448","Avoid empty catch blocks","http://pmd.sourceforge.net/rules/index.html#EmptyCatchBlock","1864509226","pmd",
"2","EmptyCatchBlock","C:\pmd_baseline\export\ce_rcp\plugins\com.ibm.tdi.rcp\src\com\ibm\tdi\eclipse\builders\IncrementalConfigBuilder.java","519","Avoid empty catch blocks","http://pmd.sourceforge.net/rules/index.html#EmptyCatchBlock","-907834576","pmd",
"2","EmptyCatchBlock","C:\pmd_baseline\export\ce_rcp\plugins\com.ibm.tdi.rcp\src\com\ibm\tdi\eclipse\builders\IncrementalConfigBuilder.java","530","Avoid empty catch blocks","http://pmd.sourceforge.net/rules/index.html#EmptyCatchBlock","-907834576","pmd",
"2","EmptyCatchBlock","C:\pmd_baseline\export\ce_rcp\plugins\com.ibm.tdi.rcp\src\com\ibm\tdi\eclipse\builders\IncrementalConfigBuilder.java","541","Avoid empty catch blocks","http://pmd.sourceforge.net/rules/index.html#EmptyCatchBlock","-907834576","pmd",
"2","EmptyCatchBlock","C:\pmd_baseline\export\ce_rcp\plugins\com.ibm.tdi.rcp\src\com\ibm\tdi\eclipse\console\AssemblyLineConsole.java","131","Avoid empty catch blocks","http://pmd.sourceforge.net/rules/index.html#EmptyCatchBlock","-94749768","pmd",
"2","EmptyCatchBlock","C:\pmd_baseline\export\ce_rcp\plugins\com.ibm.tdi.rcp\src\com\ibm\tdi\eclipse\console\AssemblyLineConsole.java","134","Avoid empty catch blocks","http://pmd.sourceforge.net/rules/index.html#EmptyCatchBlock","-151809683","pmd",
"2","EmptyCatchBlock","C:\pmd_baseline\export\ce_rcp\plugins\com.ibm.tdi.rcp\src\com\ibm\tdi\eclipse\console\AssemblyLineConsole.java","140","Avoid empty catch blocks","http://pmd.sourceforge.net/rules/index.html#EmptyCatchBlock","-94749768","pmd",
"2","EmptyCatchBlock","C:\pmd_baseline\export\ce_rcp\plugins\com.ibm.tdi.rcp\src\com\ibm\tdi\eclipse\editors\ConfigSettingsEditor.java","347","Avoid empty catch blocks","http://pmd.sourceforge.net/rules/index.html#EmptyCatchBlock","-785012211","pmd",
"2","EmptyCatchBlock","C:\pmd_baseline\export\ce_rcp\plugins\com.ibm.tdi.rcp\src\com\ibm\tdi\eclipse\jobs\StartLocalServerJob.java","203","Avoid empty catch blocks","http://pmd.sourceforge.net/rules/index.html#EmptyCatchBlock","1040343611","pmd",
"2","EmptyCatchBlock","C:\pmd_baseline\export\ce_rcp\plugins\com.ibm.tdi.rcp\src\com\ibm\tdi\eclipse\jobs\StartLocalServerJob.java","97","Avoid empty catch blocks","http://pmd.sourceforge.net/rules/index.html#EmptyCatchBlock","-2015001516","pmd",
"2","EmptyCatchBlock","C:\pmd_baseline\export\ce_rcp\plugins\com.ibm.tdi.rcp\src\com\ibm\tdi\eclipse\providers\AssemblyLineContentProvider.java","272","Avoid empty catch blocks","http://pmd.sourceforge.net/rules/index.html#EmptyCatchBlock","-1549343632","pmd",
"2","EmptyCatchBlock","C:\pmd_baseline\export\ce_rcp\plugins\com.ibm.tdi.rcp\src\com\ibm\tdi\eclipse\providers\AttributeContentProvider.java","282","Avoid empty catch blocks","http://pmd.sourceforge.net/rules/index.html#EmptyCatchBlock","-785012211","pmd",
"2","EmptyCatchBlock","C:\pmd_baseline\export\ce_rcp\plugins\com.ibm.tdi.rcp\src\com\ibm\tdi\eclipse\providers\LibraryProvider.java","63","Avoid empty catch blocks","http://pmd.sourceforge.net/rules/index.html#EmptyCatchBlock","1107978786","pmd",
"2","EmptyCatchBlock","C:\pmd_baseline\export\ce_rcp\plugins\com.ibm.tdi.rcp\src\com\ibm\tdi\eclipse\server\RMIServerAPI.java","179","Avoid empty catch blocks","http://pmd.sourceforge.net/rules/index.html#EmptyCatchBlock","-785012211","pmd",
"2","EmptyCatchBlock","C:\pmd_baseline\export\ce_rcp\plugins\com.ibm.tdi.rcp\src\com\ibm\tdi\eclipse\server\RestServerAPI.java","483","Avoid empty catch blocks","http://pmd.sourceforge.net/rules/index.html#EmptyCatchBlock","-1549343632","pmd",
"2","EmptyCatchBlock","C:\pmd_baseline\export\ce_rcp\plugins\com.ibm.tdi.rcp\src\com\ibm\tdi\eclipse\server\ServerUtils.java","105","Avoid empty catch blocks","http://pmd.sourceforge.net/rules/index.html#EmptyCatchBlock","232907041","pmd",
"2","EmptyCatchBlock","C:\pmd_baseline\export\ce_rcp\plugins\com.ibm.tdi.rcp\src\com\ibm\tdi\eclipse\stepper\StepperPanel.java","517","Avoid empty catch blocks","http://pmd.sourceforge.net/rules/index.html#EmptyCatchBlock","-1549343632","pmd",
"2","EmptyCatchBlock","C:\pmd_baseline\export\ce_rcp\plugins\com.ibm.tdi.rcp\src\com\ibm\tdi\eclipse\text\AutoIndentStrategy.java","119","Avoid empty catch blocks","http://pmd.sourceforge.net/rules/index.html#EmptyCatchBlock","2138595050","pmd",
"2","EmptyCatchBlock","C:\pmd_baseline\export\ce_rcp\plugins\com.ibm.tdi.rcp\src\com\ibm\tdi\eclipse\text\JavaScriptContentAssistProcessor.java","869","Avoid empty catch blocks","http://pmd.sourceforge.net/rules/index.html#EmptyCatchBlock","1572276729","pmd",
"2","EmptyCatchBlock","C:\pmd_baseline\export\ce_rcp\plugins\com.ibm.tdi.rcp\src\com\ibm\tdi\eclipse\views\JavaScriptView.java","214","Avoid empty catch blocks","http://pmd.sourceforge.net/rules/index.html#EmptyCatchBlock","-94749768","pmd",
"2","EmptyCatchBlock","C:\pmd_baseline\export\ce_rcp\plugins\com.ibm.tdi.rcp\src\com\ibm\tdi\eclipse\views\ServerView.java","1057","Avoid empty catch blocks","http://pmd.sourceforge.net/rules/index.html#EmptyCatchBlock","-2015001516","pmd",
"2","EmptyCatchBlock","C:\pmd_baseline\export\ce_rcp\plugins\com.ibm.tdi.rcp\src\com\ibm\tdi\eclipse\widget\DiscoverSchemaWidget.java","505","Avoid empty catch blocks","http://pmd.sourceforge.net/rules/index.html#EmptyCatchBlock","-1549343632","pmd",
"2","EmptyCatchBlock","C:\pmd_baseline\export\ce_rcp\plugins\com.ibm.tdi.rcp\src\com\ibm\tdi\eclipse\widget\FormWidget2.java","490","Avoid empty catch blocks","http://pmd.sourceforge.net/rules/index.html#EmptyCatchBlock","-1549343632","pmd",
"2","EmptyCatchBlock","C:\pmd_baseline\export\ce_rcp\plugins\com.ibm.tdi.rcp\src\com\ibm\tdi\eclipse\widget\LoggingWidget.java","101","Avoid empty catch blocks","http://pmd.sourceforge.net/rules/index.html#EmptyCatchBlock","1441994134","pmd",
"2","EmptyCatchBlock","C:\pmd_baseline\export\ce_rcp\plugins\com.ibm.tdi.rcp\src\com\ibm\tdi\eclipse\widget\RawConnectorWidget.java","218","Avoid empty catch blocks","http://pmd.sourceforge.net/rules/index.html#EmptyCatchBlock","-1549343632","pmd",
"2","EmptyCatchBlock","C:\pmd_baseline\export\ce_rcp\plugins\com.ibm.tdi.rcp\src\com\ibm\tdi\eclipse\widget\ServerWidget.java","314","Avoid empty catch blocks","http://pmd.sourceforge.net/rules/index.html#EmptyCatchBlock","-1369816196","pmd",
"2","EmptyCatchBlock","C:\pmd_baseline\export\ce_rcp\plugins\com.ibm.tdi.rcp\src\com\ibm\tdi\eclipse\widget\ServerWidget.java","331","Avoid empty catch blocks","http://pmd.sourceforge.net/rules/index.html#EmptyCatchBlock","232282829","pmd",
"2","EmptyCatchBlock","C:\pmd_baseline\export\ce_rcp\plugins\com.ibm.tdi.rcp\src\com\ibm\tdi\eclipse\widget\ServerWidget.java","400","Avoid empty catch blocks","http://pmd.sourceforge.net/rules/index.html#EmptyCatchBlock","-2077138413","pmd",
"2","EmptyCatchBlock","C:\pmd_baseline\export\ce_rcp\plugins\com.ibm.tdi.rcp\src\com\ibm\tdi\eclipse\wizards\ExportRuntimeWizard.java","175","Avoid empty catch blocks","http://pmd.sourceforge.net/rules/index.html#EmptyCatchBlock","-1549343632","pmd",
"2","EmptyCatchBlock","C:\pmd_baseline\export\ce_rcp\plugins\com.ibm.tdi.rcp\src\com\ibm\tdi\eclipse\wizards\ExportRuntimeWizard.java","328","Avoid empty catch blocks","http://pmd.sourceforge.net/rules/index.html#EmptyCatchBlock","-785012211","pmd",
"2","EmptyCatchBlock","C:\pmd_baseline\export\ce_rcp\plugins\com.ibm.tdi.rcp\src\com\ibm\tdi\eclipse\wizards\ExportRuntimeWizard.java","97","Avoid empty catch blocks","http://pmd.sourceforge.net/rules/index.html#EmptyCatchBlock","-785012211","pmd",
"2","EmptyCatchBlock","C:\pmd_baseline\export\ce_rcp\plugins\com.ibm.tdi.rcp\src\com\ibm\tdi\eclipse\wizards\NewServerWizard.java","47","Avoid empty catch blocks","http://pmd.sourceforge.net/rules/index.html#EmptyCatchBlock","-785012211","pmd",
"2","EmptyCatchBlock","C:\pmd_baseline\export\ce_rcp\plugins\com.ibm.tdi.rcp\src\com\ibm\tdi\eclipse\wizards\PublishALWizard.java","171","Avoid empty catch blocks","http://pmd.sourceforge.net/rules/index.html#EmptyCatchBlock","-1200122937","pmd",
"2","EmptyCatchBlock","C:\pmd_baseline\export\ce_rcp\plugins\com.ibm.tdi.rcp\src\com\ibm\tdi\eclipse\wizards\PublishALWizard.java","82","Avoid empty catchblocks","http://pmd.sourceforge.net/rules/index.html#EmptyCatchBlock","1504203568","pmd",
"2","EmptyCatchBlock","C:\pmd_baseline\export\ce_rcp\plugins\com.ibm.tdi.rcp\src\com\ibm\tdi\eclipse\wizards\pages\SelectComponentPage.java","407","Avoid empty catch blocks","http://pmd.sourceforge.net/rules/index.html#EmptyCatchBlock","-1549343632","pmd",
"2","EmptyCatchBlock","C:\pmd_baseline\src\com\ibm\di\UpdateInstaller\UpdateInstaller.java","1695","Avoid empty catch blocks","http://pmd.sourceforge.net/rules/index.html#EmptyCatchBlock","-1549343632","pmd",
"2","EmptyCatchBlock","C:\pmd_baseline\src\com\ibm\di\api\APIAuditor.java","219","Avoid empty catch blocks","http://pmd.sourceforge.net/rules/index.html#EmptyCatchBlock","1189106466","pmd",
"2","EmptyCatchBlock","C:\pmd_baseline\src\com\ibm\di\api\jmx\JMXAgent.java","128","Avoid empty catch blocks","http://pmd.sourceforge.net/rules/index.html#EmptyCatchBlock","-782652896","pmd",
"2","EmptyCatchBlock","C:\pmd_baseline\src\com\ibm\di\config\base\BaseConfigurationImpl.java","647","Avoid empty catch blocks","http://pmd.sourceforge.net/rules/index.html#EmptyCatchBlock","232907041","pmd",
"2","EmptyCatchBlock","C:\pmd_baseline\src\com\ibm\di\config\base\BranchingConfigImpl.java","114","Avoid empty catch blocks","http://pmd.sourceforge.net/rules/index.html#EmptyCatchBlock","-1369816196","pmd",
"2","EmptyCatchBlock","C:\pmd_baseline\src\com\ibm\di\config\base\ConnectorSchemaConfigImpl.java","77","Avoid empty catch blocks","http://pmd.sourceforge.net/rules/index.html#EmptyCatchBlock","232907041","pmd",
"2","EmptyCatchBlock","C:\pmd_baseline\src\com\ibm\di\config\base\ExternalPropertiesImpl.java","178","Avoid empty catch blocks","http://pmd.sourceforge.net/rules/index.html#EmptyCatchBlock","232907041","pmd",
"2","EmptyCatchBlock","C:\pmd_baseline\src\com\ibm\di\config\base\FormConfigImpl.java","121","Avoid empty catch blocks","http://pmd.sourceforge.net/rules/index.html#EmptyCatchBlock","1849951511","pmd",
"2","EmptyCatchBlock","C:\pmd_baseline\src\com\ibm\di\config\base\FormConfigImpl.java","192","Avoid empty catch blocks","http://pmd.sourceforge.net/rules/index.html#EmptyCatchBlock","1849951511","pmd",
"2","EmptyCatchBlock","C:\pmd_baseline\src\com\ibm\di\config\base\FormConfigImpl.java","96","Avoid empty catch blocks","http://pmd.sourceforge.net/rules/index.html#EmptyCatchBlock","1849951511","pmd",
"2","EmptyCatchBlock","C:\pmd_baseline\src\com\ibm\di\config\base\MetamergeConfigImpl.java","1192","Avoid empty catch blocks","http://pmd.sourceforge.net/rules/index.html#EmptyCatchBlock","1107978786","pmd",
"2","EmptyCatchBlock","C:\pmd_baseline\src\com\ibm\di\config\base\MetamergeConfigImpl.java","1208","Avoid empty catch blocks","http://pmd.sourceforge.net/rules/index.html#EmptyCatchBlock","1386201417","pmd",
"2","EmptyCatchBlock","C:\pmd_baseline\src\com\ibm\di\config\base\MetamergeConfigImpl.java","1316","Avoid empty catch blocks","http://pmd.sourceforge.net/rules/index.html#EmptyCatchBlock","-784768057","pmd",
"2","EmptyCatchBlock","C:\pmd_baseline\src\com\ibm\di\config\base\MetamergeConfigImpl.java","1330","Avoid empty catch blocks","http://pmd.sourceforge.net/rules/index.html#EmptyCatchBlock","-784738266","pmd",
"2","EmptyCatchBlock","C:\pmd_baseline\src\com\ibm\di\config\base\MetamergeConfigImpl.java","1345","Avoid empty catch blocks","http://pmd.sourceforge.net/rules/index.html#EmptyCatchBlock","-784768057","pmd",
"2","EmptyCatchBlock","C:\pmd_baseline\src\com\ibm\di\config\base\MetamergeConfigImpl.java","1358","Avoid empty catch blocks","http://pmd.sourceforge.net/rules/index.html#EmptyCatchBlock","-784738266","pmd",
"2","EmptyCatchBlock","C:\pmd_baseline\src\com\ibm\di\config\base\MetamergeConfigImpl.java","1373","Avoid empty catch blocks","http://pmd.sourceforge.net/rules/index.html#EmptyCatchBlock","-784768057","pmd",
"2","EmptyCatchBlock","C:\pmd_baseline\src\com\ibm\di\config\base\MetamergeConfigImpl.java","1386","Avoid empty catch blocks","http://pmd.sourceforge.net/rules/index.html#EmptyCatchBlock","-784738266","pmd",
"2","EmptyCatchBlock","C:\pmd_baseline\src\com\ibm\di\config\base\MetamergeConfigImpl.java","1401","Avoid empty catch blocks","http://pmd.sourceforge.net/rules/index.html#EmptyCatchBlock","-784768057","pmd",
"2","EmptyCatchBlock","C:\pmd_baseline\src\com\ibm\di\config\base\MetamergeConfigImpl.java","1414","Avoid empty catch blocks","http://pmd.sourceforge.net/rules/index.html#EmptyCatchBlock","-784738266","pmd",
"2","EmptyCatchBlock","C:\pmd_baseline\src\com\ibm\di\config\base\MetamergeConfigImpl.java","1429","Avoid empty catch blocks","http://pmd.sourceforge.net/rules/index.html#EmptyCatchBlock","-784768057","pmd",
"2","EmptyCatchBlock","C:\pmd_baseline\src\com\ibm\di\config\base\MetamergeConfigImpl.java","1442","Avoid empty catch blocks","http://pmd.sourceforge.net/rules/index.html#EmptyCatchBlock","-784738266","pmd",
"2","EmptyCatchBlock","C:\pmd_baseline\src\com\ibm\di\config\base\MetamergeConfigImpl.java","1649","Avoid empty catch blocks","http://pmd.sourceforge.net/rules/index.html#EmptyCatchBlock","-784768057","pmd",
"2","EmptyCatchBlock","C:\pmd_baseline\src\com\ibm\di\config\base\MetamergeConfigImpl.java","278","Avoid empty catch blocks","http://pmd.sourceforge.net/rules/index.html#EmptyCatchBlock","-907834576","pmd",
"2","EmptyCatchBlock","C:\pmd_baseline\src\com\ibm\di\config\base\MetamergeConfigImpl.java","287","Avoid empty catch blocks","http://pmd.sourceforge.net/rules/index.html#EmptyCatchBlock","-907834576","pmd",
"2","EmptyCatchBlock","C:\pmd_baseline\src\com\ibm\di\config\base\MetamergeConfigImpl.java","294","Avoid empty catch blocks","http://pmd.sourceforge.net/rules/index.html#EmptyCatchBlock","-907834576","pmd",
"2","EmptyCatchBlock","C:\pmd_baseline\src\com\ibm\di\config\base\MetamergeConfigImpl.java","304","Avoid empty catch blocks","http://pmd.sourceforge.net/rules/index.html#EmptyCatchBlock","-907834576","pmd",
"2","EmptyCatchBlock","C:\pmd_baseline\src\com\ibm\di\config\base\MetamergeConfigImpl.java","312","Avoid empty catch blocks","http://pmd.sourceforge.net/rules/index.html#EmptyCatchBlock","-907834576","pmd",
"2","EmptyCatchBlock","C:\pmd_baseline\src\com\ibm\di\config\base\MetamergeConfigImpl.java","322","Avoid empty catch blocks","http://pmd.sourceforge.net/rules/index.html#EmptyCatchBlock","-907834576","pmd",
"2","EmptyCatchBlock","C:\pmd_baseline\src\com\ibm\di\config\base\MetamergeConfigImpl.java","333","Avoid empty catch blocks","http://pmd.sourceforge.net/rules/index.html#EmptyCatchBlock","-907834576","pmd",
"2","EmptyCatchBlock","C:\pmd_baseline\src\com\ibm\di\config\base\MetamergeConfigImpl.java","344","Avoid empty catch blocks","http://pmd.sourceforge.net/rules/index.html#EmptyCatchBlock","-907834576","pmd",
"2","EmptyCatchBlock","C:\pmd_baseline\src\com\ibm\di\config\base\MetamergeConfigImpl.java","355","Avoid empty catch blocks","http://pmd.sourceforge.net/rules/index.html#EmptyCatchBlock","-907834576","pmd",
"2","EmptyCatchBlock","C:\pmd_baseline\src\com\ibm\di\config\base\MetamergeConfigImpl.java","367","Avoid empty catch blocks","http://pmd.sourceforge.net/rules/index.html#EmptyCatchBlock","-907834576","pmd",
"2","EmptyCatchBlock","C:\pmd_baseline\src\com\ibm\di\config\base\MetamergeConfigImpl.java","380","Avoid empty catch blocks","http://pmd.sourceforge.net/rules/index.html#EmptyCatchBlock","-907834576","pmd",
"2","EmptyCatchBlock","C:\pmd_baseline\src\com\ibm\di\config\base\SchemaConfigImpl.java","118","Avoid empty catch blocks","http://pmd.sourceforge.net/rules/index.html#EmptyCatchBlock","-1549343632","pmd",
"2","EmptyCatchBlock","C:\pmd_baseline\src\com\ibm\di\config\base\SchemaConfigImpl.java","152","Avoid empty catch blocks","http://pmd.sourceforge.net/rules/index.html#EmptyCatchBlock","232907041","pmd",
"2","EmptyCatchBlock","C:\pmd_baseline\src\com\ibm\di\config\base\SchemaItemConfigImpl.java","188","Avoid empty catch blocks","http://pmd.sourceforge.net/rules/index.html#EmptyCatchBlock","-1549343632","pmd",
"2","EmptyCatchBlock","C:\pmd_baseline\src\com\ibm\di\config\base\SimulationConfigImpl.java","202","Avoid empty catch blocks","http://pmd.sourceforge.net/rules/index.html#EmptyCatchBlock","-1549343632","pmd",
"2","EmptyCatchBlock","C:\pmd_baseline\src\com\ibm\di\config\base\SolutionInterfaceImpl.java","65","Avoid empty catch blocks","http://pmd.sourceforge.net/rules/index.html#EmptyCatchBlock","232907041","pmd",
"2","EmptyCatchBlock","C:\pmd_baseline\src\com\ibm\di\config\base\SolutionInterfaceImpl.java","73","Avoid empty catch blocks","http://pmd.sourceforge.net/rules/index.html#EmptyCatchBlock","232907041","pmd",
"2","EmptyCatchBlock","C:\pmd_baseline\src\com\ibm\di\config\base\SolutionInterfaceImpl.java","83","Avoid empty catch blocks","http://pmd.sourceforge.net/rules/index.html#EmptyCatchBlock","232907041","pmd",
"2","EmptyCatchBlock","C:\pmd_baseline\src\com\ibm\di\config\interfaces\GlobalRef.java","129","Avoid empty catch blocks","http://pmd.sourceforge.net/rules/index.html#EmptyCatchBlock","-1549343632","pmd",
"2","EmptyCatchBlock","C:\pmd_baseline\src\com\ibm\di\config\interfaces\MetamergeConfigFactory.java","1123","Avoid empty catch blocks","http://pmd.sourceforge.net/rules/index.html#EmptyCatchBlock","1864509226","pmd",
"2","EmptyCatchBlock","C:\pmd_baseline\src\com\ibm\di\config\interfaces\MetamergeConfigFactory.java","1124","Avoid empty catch blocks","http://pmd.sourceforge.net/rules/index.html#EmptyCatchBlock","869002878","pmd",
"2","EmptyCatchBlock","C:\pmd_baseline\src\com\ibm\di\config\interfaces\MetamergeConfigFactory.java","1164","Avoid empty catch blocks","http://pmd.sourceforge.net/rules/index.html#EmptyCatchBlock","1975584377","pmd",
"2","EmptyCatchBlock","C:\pmd_baseline\src\com\ibm\di\config\interfaces\MetamergeConfigFactory.java","1196","Avoid empty catch blocks","http://pmd.sourceforge.net/rules/index.html#EmptyCatchBlock","232907041","pmd",
"2","EmptyCatchBlock","C:\pmd_baseline\src\com\ibm\di\config\interfaces\MetamergeConfigFactory.java","1320","Avoid empty catch blocks","http://pmd.sourceforge.net/rules/index.html#EmptyCatchBlock","232907041","pmd",
"2","EmptyCatchBlock","C:\pmd_baseline\src\com\ibm\di\config\interfaces\MetamergeConfigFactory.java","317","Avoid empty catch blocks","http://pmd.sourceforge.net/rules/index.html#EmptyCatchBlock","1295172012","pmd",
"2","EmptyCatchBlock","C:\pmd_baseline\src\com\ibm\di\config\interfaces\MetamergeConfigFactory.java","326","Avoid empty catch blocks","http://pmd.sourceforge.net/rules/index.html#EmptyCatchBlock","-1797338259","pmd",
"2","EmptyCatchBlock","C:\pmd_baseline\src\com\ibm\di\config\interfaces\MetamergeConfigFactory.java","653","Avoid empty catch blocks","http://pmd.sourceforge.net/rules/index.html#EmptyCatchBlock","232907041","pmd",
"2","EmptyCatchBlock","C:\pmd_baseline\src\com\ibm\di\config\interfaces\MetamergeConfigFactory.java","837","Avoid empty catch blocks","http://pmd.sourceforge.net/rules/index.html#EmptyCatchBlock","232907041","pmd",
"2","EmptyCatchBlock","C:\pmd_baseline\src\com\ibm\di\config\interfaces\TDIProperties.java","623","Avoid empty catch blocks","http://pmd.sourceforge.net/rules/index.html#EmptyCatchBlock","1504203568","pmd",
"2","EmptyCatchBlock","C:\pmd_baseline\src\com\ibm\di\config\xml\MetamergeConfigFS.java","82","Avoid empty catch blocks","http://pmd.sourceforge.net/rules/index.html#EmptyCatchBlock","232907041","pmd",
"2","EmptyCatchBlock","C:\pmd_baseline\src\com\ibm\di\config\xml\MetamergeConfigXML.java","1103","Avoid empty catch blocks","http://pmd.sourceforge.net/rules/index.html#EmptyCatchBlock","232907041","pmd",
"2","EmptyCatchBlock","C:\pmd_baseline\src\com\ibm\di\config\xml\MetamergeConfigXML.java","1255","Avoid empty catch blocks","http://pmd.sourceforge.net/rules/index.html#EmptyCatchBlock","232907041","pmd",
"2","EmptyCatchBlock","C:\pmd_baseline\src\com\ibm\di\config\xml\MetamergeConfigXML.java","1268","Avoid empty catch blocks","http://pmd.sourceforge.net/rules/index.html#EmptyCatchBlock","232907041","pmd",
"2","EmptyCatchBlock","C:\pmd_baseline\src\com\ibm\di\config\xml\MetamergeConfigXML.java","602","Avoid empty catch blocks","http://pmd.sourceforge.net/rules/index.html#EmptyCatchBlock","1504203568","pmd",
"2","EmptyCatchBlock","C:\pmd_baseline\src\com\ibm\di\config\xml\MetamergeConfigXML.java","608","Avoid empty catch blocks","http://pmd.sourceforge.net/rules/index.html#EmptyCatchBlock","1504203568","pmd",
"2","EmptyCatchBlock","C:\pmd_baseline\src\com\ibm\di\config\xml\MetamergeConfigXML.java","614","Avoid empty catch blocks","http://pmd.sourceforge.net/rules/index.html#EmptyCatchBlock","1504203568","pmd",
"2","EmptyCatchBlock","C:\pmd_baseline\src\com\ibm\di\config\xml\MetamergeConfigXML.java","776","Avoid empty catch blocks","http://pmd.sourceforge.net/rules/index.html#EmptyCatchBlock","1107978786","pmd",
"2","EmptyCatchBlock","C:\pmd_baseline\src\com\ibm\di\config\xml\MetamergeConfigXML.java","846","Avoid empty catch blocks","http://pmd.sourceforge.net/rules/index.html#EmptyCatchBlock","219354138","pmd",
"2","EmptyCatchBlock","C:\pmd_baseline\src\com\ibm\di\connector\ADChangelogConnectorv2.java","1151","Avoid empty catch blocks","http://pmd.sourceforge.net/rules/index.html#EmptyCatchBlock","307301241","pmd",
"2","EmptyCatchBlock","C:\pmd_baseline\src\com\ibm\di\connector\EIFConnector.java","263","Avoid empty catch blocks","http://pmd.sourceforge.net/rules/index.html#EmptyCatchBlock","-1052715832","pmd",
"2","EmptyCatchBlock","C:\pmd_baseline\src\com\ibm\di\connector\FileConnector.java","402","Avoid empty catch blocks","http://pmd.sourceforge.net/rules/index.html#EmptyCatchBlock","232907041","pmd",
"2","EmptyCatchBlock","C:\pmd_baseline\src\com\ibm\di\connector\HTTPClientConnector.java","280","Avoid empty catch blocks","http://pmd.sourceforge.net/rules/index.html#EmptyCatchBlock","-1549343632","pmd",
"2","EmptyCatchBlock","C:\pmd_baseline\src\com\ibm\di\connector\JMSConnector.java","1107","Avoid empty catch blocks","http://pmd.sourceforge.net/rules/index.html#EmptyCatchBlock","-1549343632","pmd",
"2","EmptyCatchBlock","C:\pmd_baseline\src\com\ibm\di\connector\JNDIConnector.java","1168","Avoid empty catch blocks","http://pmd.sourceforge.net/rules/index.html#EmptyCatchBlock","876327122","pmd",
"2","EmptyCatchBlock","C:\pmd_baseline\src\com\ibm\di\connector\JNDIConnector.java","211","Avoid empty catch blocks","http://pmd.sourceforge.net/rules/index.html#EmptyCatchBlock","307301241","pmd",
"2","EmptyCatchBlock","C:\pmd_baseline\src\com\ibm\di\connector\JNDIConnector.java","615","Avoid empty catch blocks","http://pmd.sourceforge.net/rules/index.html#EmptyCatchBlock","1944386583","pmd",
"2","EmptyCatchBlock","C:\pmd_baseline\src\com\ibm\di\connector\LDAPConnector.java","716","Avoid empty catch blocks","http://pmd.sourceforge.net/rules/index.html#EmptyCatchBlock","459297666","pmd",
"2","EmptyCatchBlock","C:\pmd_baseline\src\com\ibm\di\connector\NetscapeChangelogConnector.java","637","Avoid empty catch blocks","http://pmd.sourceforge.net/rules/index.html#EmptyCatchBlock","307301241","pmd",
"2","EmptyCatchBlock","C:\pmd_baseline\src\com\ibm\di\connector\PESConnector.java","262","Avoid empty catch blocks","http://pmd.sourceforge.net/rules/index.html#EmptyCatchBlock","232907041","pmd",
"2","EmptyCatchBlock","C:\pmd_baseline\src\com\ibm\di\connector\RACConnector.java","832","Avoid empty catch blocks","http://pmd.sourceforge.net/rules/index.html#EmptyCatchBlock","232907041","pmd",
"2","EmptyCatchBlock","C:\pmd_baseline\src\com\ibm\di\connector\RACConnector.java","888","Avoid empty catch blocks","http://pmd.sourceforge.net/rules/index.html#EmptyCatchBlock","30051837","pmd",
"2","EmptyCatchBlock","C:\pmd_baseline\src\com\ibm\di\connector\SNMPConnector.java","266","Avoid empty catch blocks","http://pmd.sourceforge.net/rules/index.html#EmptyCatchBlock","232907041","pmd",
"2","EmptyCatchBlock","C:\pmd_baseline\src\com\ibm\di\connector\TCPConnector.java","139","Avoid empty catch blocks","http://pmd.sourceforge.net/rules/index.html#EmptyCatchBlock","232907041","pmd",
"2","EmptyCatchBlock","C:\pmd_baseline\src\com\ibm\di\connector\TCPConnector.java","145","Avoid empty catch blocks","http://pmd.sourceforge.net/rules/index.html#EmptyCatchBlock","232907041","pmd",
"2","EmptyCatchBlock","C:\pmd_baseline\src\com\ibm\di\entry\Entry.java","2396","Avoid empty catch blocks","http://pmd.sourceforge.net/rules/index.html#EmptyCatchBlock","1174285180","pmd",""
"2","EmptyCatchBlock","C:\pmd_baseline\src\com\ibm\di\eclipse\http\ServerAPI.java","172","Avoid empty catch blocks","http://pmd.sourceforge.net/rules/index.html#EmptyCatchBlock","-1369816196","pmd",
"2","EmptyCatchBlock","C:\pmd_baseline\src\com\ibm\di\eclipse\http\ServerAPI.java","201","Avoid empty catch blocks","http://pmd.sourceforge.net/rules/index.html#EmptyCatchBlock","1441994134","pmd",
"2","EmptyCatchBlock","C:\pmd_baseline\src\com\ibm\di\function\SystemFunctions.java","420","Avoid empty catch blocks","http://pmd.sourceforge.net/rules/index.html#EmptyCatchBlock","232907041","pmd",
"2","EmptyCatchBlock","C:\pmd_baseline\src\com\ibm\di\function\SystemFunctions.java","435","Avoid empty catch blocks","http://pmd.sourceforge.net/rules/index.html#EmptyCatchBlock","232907041","pmd",
"2","EmptyCatchBlock","C:\pmd_baseline\src\com\ibm\di\function\SystemFunctions.java","473","Avoid empty catch blocks","http://pmd.sourceforge.net/rules/index.html#EmptyCatchBlock","718589529","pmd",
"2","EmptyCatchBlock","C:\pmd_baseline\src\com\ibm\di\function\SystemFunctions.java","487","Avoid empty catch blocks","http://pmd.sourceforge.net/rules/index.html#EmptyCatchBlock","718589529","pmd",
"2","EmptyCatchBlock","C:\pmd_baseline\src\com\ibm\di\loader\IDILoader.java","686","Avoid empty catch blocks","http://pmd.sourceforge.net/rules/index.html#EmptyCatchBlock","232907041","pmd",
"2","EmptyCatchBlock","C:\pmd_baseline\src\com\ibm\di\loader\IDILoader.java","776","Avoid empty catch blocks","http://pmd.sourceforge.net/rules/index.html#EmptyCatchBlock","232907041","pmd",
"2","EmptyCatchBlock","C:\pmd_baseline\src\com\ibm\di\log\TDIJLog.java","63","Avoid empty catch blocks","http://pmd.sourceforge.net/rules/index.html#EmptyCatchBlock","-1549343632","pmd",
"2","EmptyCatchBlock","C:\pmd_baseline\src\com\ibm\di\log\TDILog4j.java","135","Avoid empty catch blocks","http://pmd.sourceforge.net/rules/index.html#EmptyCatchBlock","232907041","pmd",
"2","EmptyCatchBlock","C:\pmd_baseline\src\com\ibm\di\log\TDILog4j.java","210","Avoid empty catch blocks","http://pmd.sourceforge.net/rules/index.html#EmptyCatchBlock","1058763254","pmd",
"2","EmptyCatchBlock","C:\pmd_baseline\src\com\ibm\di\log\TDILog4j.java","218","Avoid empty catch blocks","http://pmd.sourceforge.net/rules/index.html#EmptyCatchBlock","1058763254","pmd",
"2","EmptyCatchBlock","C:\pmd_baseline\src\com\ibm\di\log\TDILog4j.java","227","Avoid empty catch blocks","http://pmd.sourceforge.net/rules/index.html#EmptyCatchBlock","1058763254","pmd",
"2","EmptyCatchBlock","C:\pmd_baseline\src\com\ibm\di\log\TDILog4j.java","235","Avoid empty catch blocks","http://pmd.sourceforge.net/rules/index.html#EmptyCatchBlock","1058763254","pmd",
"2","EmptyCatchBlock","C:\pmd_baseline\src\com\ibm\di\log\TDILog4j.java","421","Avoid empty catch blocks","http://pmd.sourceforge.net/rules/index.html#EmptyCatchBlock","-1190926154","pmd",
"2","EmptyCatchBlock","C:\pmd_baseline\src\com\ibm\di\parser\xml\XMLParser2.java","1590","Avoid empty catch blocks","http://pmd.sourceforge.net/rules/index.html#EmptyCatchBlock","232907041","pmd",
"2","EmptyCatchBlock","C:\pmd_baseline\src\com\ibm\di\parser\xml\XMLParser2.java","663","Avoid empty catch blocks","http://pmd.sourceforge.net/rules/index.html#EmptyCatchBlock","1641351427","pmd",
"2","EmptyCatchBlock","C:\pmd_baseline\src\com\ibm\di\plugin\mqe\config\QueueManagerCreator.java","395","Avoid empty catch blocks","http://pmd.sourceforge.net/rules/index.html#EmptyCatchBlock","-782652896","pmd",
"2","EmptyCatchBlock","C:\pmd_baseline\src\com\ibm\di\plugin\pwstore\jms\driver\IBMMQe.java","177","Avoid empty catch blocks","http://pmd.sourceforge.net/rules/index.html#EmptyCatchBlock","1502155384","pmd",
"2","EmptyCatchBlock","C:\pmd_baseline\src\com\ibm\di\protocols\FTPClient.java","245","Avoid empty catch blocks","http://pmd.sourceforge.net/rules/index.html#EmptyCatchBlock","232907041","pmd",
"2","EmptyCatchBlock","C:\pmd_baseline\src\com\ibm\di\protocols\FTPClient.java","249","Avoid empty catch blocks","http://pmd.sourceforge.net/rules/index.html#EmptyCatchBlock","232907041","pmd",
"2","EmptyCatchBlock","C:\pmd_baseline\src\com\ibm\di\protocols\FTPClient.java","254","Avoid empty catch blocks","http://pmd.sourceforge.net/rules/index.html#EmptyCatchBlock","232907041","pmd",
"2","EmptyCatchBlock","C:\pmd_baseline\src\com\ibm\di\protocols\FTPClient.java","259","Avoid empty catch blocks","http://pmd.sourceforge.net/rules/index.html#EmptyCatchBlock","232907041","pmd",
"2","EmptyCatchBlock","C:\pmd_baseline\src\com\ibm\di\protocols\FTPClient.java","763","Avoid empty catch blocks","http://pmd.sourceforge.net/rules/index.html#EmptyCatchBlock","232907041","pmd",
"2","EmptyCatchBlock","C:\pmd_baseline\src\com\ibm\di\script\ScriptEngine.java","181","Avoid empty catch blocks","http://pmd.sourceforge.net/rules/index.html#EmptyCatchBlock","15648821","pmd",
"2","EmptyCatchBlock","C:\pmd_baseline\src\com\ibm\di\script\ScriptEngine.java","346","Avoid empty catch blocks","http://pmd.sourceforge.net/rules/index.html#EmptyCatchBlock","232907041","pmd",
"2","EmptyCatchBlock","C:\pmd_baseline\src\com\ibm\di\script\ScriptEngine.java","371","Avoid empty catch blocks","http://pmd.sourceforge.net/rules/index.html#EmptyCatchBlock","232907041","pmd",
"2","EmptyCatchBlock","C:\pmd_baseline\src\com\ibm\di\script\ScriptEngine.java","530","Avoid empty catch blocks","http://pmd.sourceforge.net/rules/index.html#EmptyCatchBlock","232907041","pmd",
"2","EmptyCatchBlock","C:\pmd_baseline\src\com\ibm\di\script\ScriptEngine.java","734","Avoid empty catch blocks","http://pmd.sourceforge.net/rules/index.html#EmptyCatchBlock","232907041","pmd",
"2","EmptyCatchBlock","C:\pmd_baseline\src\com\ibm\di\script\ScriptEngineOptions.java","239","Avoid empty catch blocks","http://pmd.sourceforge.net/rules/index.html#EmptyCatchBlock","232907041","pmd",
"2","EmptyCatchBlock","C:\pmd_baseline\src\com\ibm\di\script\ScriptEngineOptions.java","306","Avoid empty catch blocks","http://pmd.sourceforge.net/rules/index.html#EmptyCatchBlock","-473491800","pmd",
"2","EmptyCatchBlock","C:\pmd_baseline\src\com\ibm\di\script\ScriptEngineOptions.java","345","Avoid empty catch blocks","http://pmd.sourceforge.net/rules/index.html#EmptyCatchBlock","-473491800","pmd",
"2","EmptyCatchBlock","C:\pmd_baseline\src\com\ibm\di\script\ScriptEngineOptions.java","497","Avoid empty catch blocks","http://pmd.sourceforge.net/rules/index.html#EmptyCatchBlock","-473491800","pmd",
"2","EmptyCatchBlock","C:\pmd_baseline\src\com\ibm\di\script\ScriptEngineOptions.java","550","Avoid empty catch blocks","http://pmd.sourceforge.net/rules/index.html#EmptyCatchBlock","-473491800","pmd",
"2","EmptyCatchBlock","C:\pmd_baseline\src\com\ibm\di\security\EncryptedReader.java","144","Avoid empty catch blocks","http://pmd.sourceforge.net/rules/index.html#EmptyCatchBlock","1504203568","pmd",
"2","EmptyCatchBlock","C:\pmd_baseline\src\com\ibm\di\security\EncryptedWriter.java","89","Avoid empty catch blocks","http://pmd.sourceforge.net/rules/index.html#EmptyCatchBlock","232907041","pmd",
"2","EmptyCatchBlock","C:\pmd_baseline\src\com\ibm\di\server\AssemblyLine.java","1700","Avoid empty catch blocks","http://pmd.sourceforge.net/rules/index.html#EmptyCatchBlock","232907041","pmd",
"2","EmptyCatchBlock","C:\pmd_baseline\src\com\ibm\di\server\AssemblyLine.java","3054","Avoid empty catch blocks","http://pmd.sourceforge.net/rules/index.html#EmptyCatchBlock","-1549343632","pmd",
"2","EmptyCatchBlock","C:\pmd_baseline\src\com\ibm\di\server\AssemblyLine.java","3084","Avoid empty catch blocks","http://pmd.sourceforge.net/rules/index.html#EmptyCatchBlock","-1549343632","pmd",
"2","EmptyCatchBlock","C:\pmd_baseline\src\com\ibm\di\server\AssemblyLine.java","4255","Avoid empty catch blocks","http://pmd.sourceforge.net/rules/index.html#EmptyCatchBlock","232907041","pmd",
"2","EmptyCatchBlock","C:\pmd_baseline\src\com\ibm\di\server\AssemblyLinePool.java","381","Avoid empty catch blocks","http://pmd.sourceforge.net/rules/index.html#EmptyCatchBlock","-1748825825","pmd",
"2","EmptyCatchBlock","C:\pmd_baseline\src\com\ibm\di\server\AssemblyLinePool.java","390","Avoid empty catch blocks","http://pmd.sourceforge.net/rules/index.html#EmptyCatchBlock","232907041","pmd",
"2","EmptyCatchBlock","C:\pmd_baseline\src\com\ibm\di\server\AssemblyLinePool.java","832","Avoid empty catch blocks","http://pmd.sourceforge.net/rules/index.html#EmptyCatchBlock","876327122","pmd",
"2","EmptyCatchBlock","C:\pmd_baseline\src\com\ibm\di\server\Log.java","117","Avoid empty catch blocks","http://pmd.sourceforge.net/rules/index.html#EmptyCatchBlock","232907041","pmd",
"2","EmptyCatchBlock","C:\pmd_baseline\src\com\ibm\di\server\Log.java","135","Avoid empty catch blocks","http://pmd.sourceforge.net/rules/index.html#EmptyCatchBlock","-1549343632","pmd",
"2","EmptyCatchBlock","C:\pmd_baseline\src\com\ibm\di\server\Log.java","153","Avoid empty catch blocks","http://pmd.sourceforge.net/rules/index.html#EmptyCatchBlock","-1549343632","pmd",
"2","EmptyCatchBlock","C:\pmd_baseline\src\com\ibm\di\server\RS.java","1210","Avoid empty catch blocks","http://pmd.sourceforge.net/rules/index.html#EmptyCatchBlock","232907041","pmd",
"2","EmptyCatchBlock","C:\pmd_baseline\src\com\ibm\di\server\RS.java","817","Avoid empty catch blocks","http://pmd.sourceforge.net/rules/index.html#EmptyCatchBlock","1504203568","pmd",
"2","EmptyCatchBlock","C:\pmd_baseline\src\com\ibm\di\server\RS.java","824","Avoid empty catch blocks","http://pmd.sourceforge.net/rules/index.html#EmptyCatchBlock","1504203568","pmd",
"2","EmptyCatchBlock","C:\pmd_baseline\src\com\ibm\di\server\RS.java","838","Avoid empty catch blocks","http://pmd.sourceforge.net/rules/index.html#EmptyCatchBlock","1504203568","pmd",
"2","EmptyCatchBlock","C:\pmd_baseline\src\com\ibm\di\server\RS.java","845","Avoid empty catch blocks","http://pmd.sourceforge.net/rules/index.html#EmptyCatchBlock","1504203568","pmd",
"2","EmptyCatchBlock","C:\pmd_baseline\src\com\ibm\di\server\ResourceHash.java","180","Avoid empty catch blocks","http://pmd.sourceforge.net/rules/index.html#EmptyCatchBlock","232907041","pmd",
"2","EmptyCatchBlock","C:\pmd_baseline\src\com\ibm\di\server\ScriptComponent.java","157","Avoid empty catch blocks","http://pmd.sourceforge.net/rules/index.html#EmptyCatchBlock","232907041","pmd",
"2","EmptyCatchBlock","C:\pmd_baseline\src\com\ibm\di\server\TaskCallBlock.java","913","Avoid empty catch blocks","http://pmd.sourceforge.net/rules/index.html#EmptyCatchBlock","-20941404","pmd",
"2","EmptyCatchBlock","C:\pmd_baseline\src\com\ibm\di\server\TaskStatistics.java","367","Avoid empty catch blocks","http://pmd.sourceforge.net/rules/index.html#EmptyCatchBlock","232907041","pmd",
"2","EmptyCatchBlock","C:\pmd_baseline\src\com\ibm\di\store\DeltaSysTable.java","163","Avoid empty catch blocks","http://pmd.sourceforge.net/rules/index.html#EmptyCatchBlock","232907041","pmd",
"2","EmptyCatchBlock","C:\pmd_baseline\src\com\ibm\di\store\SandboxStore.java","101","Avoid empty catch blocks","http://pmd.sourceforge.net/rules/index.html#EmptyCatchBlock","232907041","pmd",
"2","EmptyCatchBlock","C:\pmd_baseline\src\com\ibm\di\store\SandboxStore.java","138","Avoid empty catch blocks","http://pmd.sourceforge.net/rules/index.html#EmptyCatchBlock","232907041","pmd",
"2","EmptyCatchBlock","C:\pmd_baseline\src\com\ibm\di\store\StoreFactory.java","560","Avoid empty catch blocks","http://pmd.sourceforge.net/rules/index.html#EmptyCatchBlock","1234809566","pmd",
"2","EmptyCatchBlock","C:\pmd_baseline\src\com\ibm\di\store\StoreFactory.java","570","Avoid empty catch blocks","http://pmd.sourceforge.net/rules/index.html#EmptyCatchBlock","232907041","pmd",
"2","EmptyCatchBlock","C:\pmd_baseline\src\com\ibm\di\store\StoreFactory.java","755","Avoid empty catch blocks","http://pmd.sourceforge.net/rules/index.html#EmptyCatchBlock","-1549343632","pmd",
"2","EmptyCatchBlock","C:\pmd_baseline\src\com\ibm\di\store\StoreFactory.java","762","Avoid empty catch blocks","http://pmd.sourceforge.net/rules/index.html#EmptyCatchBlock","-1549343632","pmd",
"2","EmptyCatchBlock","C:\pmd_baseline\src\com\ibm\di\store\StoreFactory.java","770","Avoid empty catch blocks","http://pmd.sourceforge.net/rules/index.html#EmptyCatchBlock","-1549343632","pmd",
"2","EmptyCatchBlock","C:\pmd_baseline\src\com\ibm\di\store\StoreFactory.java","853","Avoid empty catch blocks","http://pmd.sourceforge.net/rules/index.html#EmptyCatchBlock","-1549343632","pmd",
"2","EmptyCatchBlock","C:\pmd_baseline\src\com\ibm\di\util\DebugServer.java","291","Avoid empty catch blocks","http://pmd.sourceforge.net/rules/index.html#EmptyCatchBlock","232907041","pmd",
"2","EmptyCatchBlock","C:\pmd_baseline\src\com\ibm\di\util\DebugServer.java","321","Avoid empty catch blocks","http://pmd.sourceforge.net/rules/index.html#EmptyCatchBlock","232907041","pmd",
"2","EmptyCatchBlock","C:\pmd_baseline\src\com\ibm\di\util\MQeFactory.java","45","Avoid empty catch blocks","http://pmd.sourceforge.net/rules/index.html#EmptyCatchBlock","1504203568","pmd",
"2","EmptyIfStmt","C:\pmd_baseline\export\ce_rcp\plugins\com.ibm.tdi.rcp\src\com\ibm\tdi\eclipse\providers\MetamergeFolderContentProvider.java","80","Avoid empty if statements","http://pmd.sourceforge.net/rules/index.html#EmptyIfStmt","-764694276","pmd",
"2","EmptyIfStmt","C:\pmd_baseline\export\ce_rcp\plugins\com.ibm.tdi.rcp\src\com\ibm\tdi\eclipse\text\JavaScriptContentAssistProcessor.java","322","Avoid empty if statements","http://pmd.sourceforge.net/rules/index.html#EmptyIfStmt","778265311","pmd",
"2","EmptyIfStmt","C:\pmd_baseline\export\ce_rcp\plugins\com.ibm.tdi.rcp\src\com\ibm\tdi\eclipse\text\JavaScriptContentAssistProcessor.java","324","Avoid empty if statements","http://pmd.sourceforge.net/rules/index.html#EmptyIfStmt","-1427849676","pmd",
"2","EmptyIfStmt","C:\pmd_baseline\export\ce_rcp\plugins\com.ibm.tdi.rcp\src\com\ibm\tdi\eclipse\widget\ComponentOptionsWidget.java","208","Avoid empty if statements","http://pmd.sourceforge.net/rules/index.html#EmptyIfStmt","1143610652","pmd",
"4","CollapsibleIfStatements","C:\pmd_baseline\amc3\src\ActionManager\com\ibm\di\amc\actionmanager\AMHandler.java","474","These nested if statements could be combined","http://pmd.sourceforge.net/rules/index.html#CollapsibleIfStatements","-1588298136","pmd",
"4","CollapsibleIfStatements","C:\pmd_baseline\export\ce_rcp\plugins\com.ibm.tdi.rcp\src\com\ibm\tdi\eclipse\Utils.java","894","These nested if statements could be combined","http://pmd.sourceforge.net/rules/index.html#CollapsibleIfStatements","-1763375709","pmd",
"4","CollapsibleIfStatements","C:\pmd_baseline\export\ce_rcp\plugins\com.ibm.tdi.rcp\src\com\ibm\tdi\eclipse\editors\ServerEditor.java","52","These nested if statements could be combined","http://pmd.sourceforge.net/rules/index.html#CollapsibleIfStatements","2081505021","pmd",
"4","CollapsibleIfStatements","C:\pmd_baseline\export\ce_rcp\plugins\com.ibm.tdi.rcp\src\com\ibm\tdi\eclipse\editors\ServerEditor.java","53","These nested if statements could be combined","http://pmd.sourceforge.net/rules/index.html#CollapsibleIfStatements","-731629291","pmd",
"4","CollapsibleIfStatements","C:\pmd_baseline\export\ce_rcp\plugins\com.ibm.tdi.rcp\src\com\ibm\tdi\eclipse\navigator\DropAssistant.java","101","These nested if statements could be combined","http://pmd.sourceforge.net/rules/index.html#CollapsibleIfStatements","583721246","pmd",
"4","CollapsibleIfStatements","C:\pmd_baseline\export\ce_rcp\plugins\com.ibm.tdi.rcp\src\com\ibm\tdi\eclipse\navigator\DropAssistant.java","126","These nested if statements could be combined","http://pmd.sourceforge.net/rules/index.html#CollapsibleIfStatements","-1522280896","pmd",
"4","CollapsibleIfStatements","C:\pmd_baseline\export\ce_rcp\plugins\com.ibm.tdi.rcp\src\com\ibm\tdi\eclipse\server\ServerUtils.java","322","These nested if statements could be combined","http://pmd.sourceforge.net/rules/index.html#CollapsibleIfStatements","-707468090","pmd",
"4","CollapsibleIfStatements","C:\pmd_baseline\export\ce_rcp\plugins\com.ibm.tdi.rcp\src\com\ibm\tdi\eclipse\stepper\StepperPanel.java","675","These nested if statements could be combined","http://pmd.sourceforge.net/rules/index.html#CollapsibleIfStatements","-1863509850","pmd",
"4","CollapsibleIfStatements","C:\pmd_baseline\export\ce_rcp\plugins\com.ibm.tdi.rcp\src\com\ibm\tdi\eclipse\stepper\StepperPanel.java","745","These nested if statements could be combined","http://pmd.sourceforge.net/rules/index.html#CollapsibleIfStatements","-1574774005","pmd",
"4","CollapsibleIfStatements","C:\pmd_baseline\export\ce_rcp\plugins\com.ibm.tdi.rcp\src\com\ibm\tdi\eclipse\widget\BranchConditionWidget.java","149","These nested if statements could be combined","http://pmd.sourceforge.net/rules/index.html#CollapsibleIfStatements","-232253858","pmd",
"4","CollapsibleIfStatements","C:\pmd_baseline\export\ce_rcp\plugins\com.ibm.tdi.rcp\src\com\ibm\tdi\eclipse\widget\FormWidget2.java","561","These nested if statements could be combined","http://pmd.sourceforge.net/rules/index.html#CollapsibleIfStatements","1824535050","pmd",
"4","CollapsibleIfStatements","C:\pmd_baseline\export\ce_rcp\plugins\com.ibm.tdi.rcp\src\com\ibm\tdi\eclipse\wizards\PublishALWizard.java","97","These nested if statements could be combined","http://pmd.sourceforge.net/rules/index.html#CollapsibleIfStatements","-344724125","pmd",
"4","CollapsibleIfStatements","C:\pmd_baseline\src\com\ibm\di\UpdateInstaller\UpdateInstaller.java","1036","These nested if statements could be combined","http://pmd.sourceforge.net/rules/index.html#CollapsibleIfStatements","-91674407","pmd",
"4","CollapsibleIfStatements","C:\pmd_baseline\src\com\ibm\di\UpdateInstaller\UpdateInstaller.java","1046","These nested if statements could be combined","http://pmd.sourceforge.net/rules/index.html#CollapsibleIfStatements","752457429","pmd",
"4","CollapsibleIfStatements","C:\pmd_baseline\src\com\ibm\di\UpdateInstaller\UpdateInstaller.java","1056","These nested if statements could be combined","http://pmd.sourceforge.net/rules/index.html#CollapsibleIfStatements","2040928639","pmd",
"4","CollapsibleIfStatements","C:\pmd_baseline\src\com\ibm\di\UpdateInstaller\UpdateInstaller.java","1066","These nested if statements could be combined","http://pmd.sourceforge.net/rules/index.html#CollapsibleIfStatements","-769281960","pmd",
"4","CollapsibleIfStatements","C:\pmd_baseline\src\com\ibm\di\UpdateInstaller\UpdateInstaller.java","1192","These nested if statements could be combined","http://pmd.sourceforge.net/rules/index.html#CollapsibleIfStatements","1307100260","pmd",
"4","CollapsibleIfStatements","C:\pmd_baseline\src\com\ibm\di\UpdateInstaller\UpdateInstaller.java","1456","These nested if statements could be combined","http://pmd.sourceforge.net/rules/index.html#CollapsibleIfStatements","1939032761","pmd",
"4","CollapsibleIfStatements","C:\pmd_baseline\src\com\ibm\di\UpdateInstaller\UpdateInstaller.java","847","These nested if statements could be combined","http://pmd.sourceforge.net/rules/index.html#CollapsibleIfStatements","504037570","pmd",
"4","CollapsibleIfStatements","C:\pmd_baseline\src\com\ibm\di\UpdateInstaller\UpdateInstaller.java","888","These nested if statements could be combined","http://pmd.sourceforge.net/rules/index.html#CollapsibleIfStatements","-2116640578","pmd",
"4","CollapsibleIfStatements","C:\pmd_baseline\src\com\ibm\di\UpdateInstaller\UpdateInstaller.java","897","These nested if statements could be combined","http://pmd.sourceforge.net/rules/index.html#CollapsibleIfStatements","1752033129","pmd",
"4","CollapsibleIfStatements","C:\pmd_baseline\src\com\ibm\di\UpdateInstaller\UpdateInstaller.java","937","These nested if statements could be combined","http://pmd.sourceforge.net/rules/index.html#CollapsibleIfStatements","431247107","pmd",
"4","CollapsibleIfStatements","C:\pmd_baseline\src\com\ibm\di\UpdateInstaller\UpdateInstaller.java","947","These nested if statements could be combined","http://pmd.sourceforge.net/rules/index.html#CollapsibleIfStatements","-2077931299","pmd",
"4","CollapsibleIfStatements","C:\pmd_baseline\src\com\ibm\di\connector\dominoUsers\UserDeletion.java","296","These nested if statements could be combined","http://pmd.sourceforge.net/rules/index.html#CollapsibleIfStatements","1031068747","pmd",
"4","CollapsibleIfStatements","C:\pmd_baseline\src\com\ibm\di\connector\tam\TAMConnector.java","789","These nested if statements could be combined","http://pmd.sourceforge.net/rules/index.html#CollapsibleIfStatements","-589737740","pmd",
"4","CollapsibleIfStatements","C:\pmd_baseline\src\com\ibm\di\function\SystemFunctions.java","414","These nested if statements could be combined","http://pmd.sourceforge.net/rules/index.html#CollapsibleIfStatements","1102581748","pmd",
"4","CollapsibleIfStatements","C:\pmd_baseline\src\com\ibm\di\function\SystemFunctions.java","428","These nested if statements could be combined","http://pmd.sourceforge.net/rules/index.html#CollapsibleIfStatements","1047937234","pmd",
"4","CollapsibleIfStatements","C:\pmd_baseline\src\com\ibm\di\function\SystemFunctions.java","442","These nested if statements could be combined","http://pmd.sourceforge.net/rules/index.html#CollapsibleIfStatements","1047937234","pmd",
"4","CollapsibleIfStatements","C:\pmd_baseline\src\com\ibm\di\server\BranchingComponent.java","213","These nested if statements could be combined","http://pmd.sourceforge.net/rules/index.html#CollapsibleIfStatements","-1513185815","pmd",
"4","UselessOverridingMethod","C:\pmd_baseline\export\ce_rcp\plugins\com.ibm.tdi.rcp\src\com\ibm\di\config\interfaces\TDIPropertyManager.java","29","Overriding method merely calls super","http://pmd.sourceforge.net/rules/index.html#UselessOverridingMethod","-1174363628","pmd",
"4","UselessOverridingMethod","C:\pmd_baseline\export\ce_rcp\plugins\com.ibm.tdi.rcp\src\com\ibm\tdi\eclipse\server\RMIServerAPI.java","103","Overriding method merely calls super","http://pmd.sourceforge.net/rules/index.html#UselessOverridingMethod","-641871329","pmd",
"4","UselessOverridingMethod","C:\pmd_baseline\src\com\ibm\di\UpdateInstaller\AMCInstalledComponent.java","142","Overriding method merely calls super","http://pmd.sourceforge.net/rules/index.html#UselessOverridingMethod","-712585356","pmd",
"4","UselessOverridingMethod","C:\pmd_baseline\src\com\ibm\di\UpdateInstaller\AMCInstalledComponent.java","153","Overriding method merely calls super","http://pmd.sourceforge.net/rules/index.html#UselessOverridingMethod","2054781444","pmd",
"4","UselessOverridingMethod","C:\pmd_baseline\src\com\ibm\di\UpdateInstaller\AMCInstalledComponent.java","162","Overriding method merely calls super","http://pmd.sourceforge.net/rules/index.html#UselessOverridingMethod","-1915693793","pmd",
"4","UselessOverridingMethod","C:\pmd_baseline\src\com\ibm\di\UpdateInstaller\LWIInstalledComponent.java","182","Overriding method merely calls super","http://pmd.sourceforge.net/rules/index.html#UselessOverridingMethod","-712585356","pmd",
"4","UselessOverridingMethod","C:\pmd_baseline\src\com\ibm\di\UpdateInstaller\LWIInstalledComponent.java","193","Overriding method merely calls super","http://pmd.sourceforge.net/rules/index.html#UselessOverridingMethod","2054781444","pmd",
"4","UselessOverridingMethod","C:\pmd_baseline\src\com\ibm\di\UpdateInstaller\LWIInstalledComponent.java","202","Overriding method merely calls super","http://pmd.sourceforge.net/rules/index.html#UselessOverridingMethod","-1915693793","pmd",
"4","UselessOverridingMethod","C:\pmd_baseline\src\com\ibm\di\server\Log.java","1412","Overriding method merely calls super","http://pmd.sourceforge.net/rules/index.html#UselessOverridingMethod","-1416878131","pmd",
"4","UselessOverridingMethod","C:\pmd_baseline\src\com\ibm\di\server\Log.java","1423","Overriding method merely calls super","http://pmd.sourceforge.net/rules/index.html#UselessOverridingMethod","-1915693793","pmd",
"2","CheckResultSet","C:\pmd_baseline\src\com\ibm\di\store\DeltaSysTable.java","128","Always check the return of one of the navigation method (next,previous,first,last) of a ResultSet.","http://pmd.sourceforge.net/rules/index.html#CheckResultSet","-1224071263","pmd",""
"2","EmptyCatchBlock","C:\pmd_baseline\osgi\plugins\com.ibm.di.connector.taddm\impl\com\ibm\di\connector\taddm\cdm\TADDMMetaData.java","191","Avoid empty catch blocks","http://pmd.sourceforge.net/rules/index.html#EmptyCatchBlock","1669614111","pmd",""
"2","EmptyCatchBlock","C:\pmd_baseline\osgi\plugins\com.ibm.di.connector.taddm\impl\com\ibm\di\connector\taddm\cdm\TADDMNamingRule.java","54","Avoid empty catch blocks","http://pmd.sourceforge.net/rules/index.html#EmptyCatchBlock","1546557513","pmd",""
"2","EmptyCatchBlock","C:\pmd_baseline\osgi\plugins\com.ibm.di.connector.taddm\impl\com\ibm\di\connector\taddm\cdm\TADDMNamingRuleIdentifier.java","55","Avoid empty catch blocks","http://pmd.sourceforge.net/rules/index.html#EmptyCatchBlock","1546557513","pmd",""
"2","EmptyCatchBlock","C:\pmd_baseline\osgi\plugins\com.ibm.di.connector.taddm\impl\com\ibm\di\connector\taddm\cdm\TADDMNamingRulesReader.java","73","Avoid empty catch blocks","http://pmd.sourceforge.net/rules/index.html#EmptyCatchBlock","1546557513","pmd",""
"2","EmptyCatchBlock","C:\pmd_baseline\osgi\plugins\com.ibm.di.connector.taddm\impl\com\ibm\di\connector\taddm\cdm\TADDMNamingRulesReader.java","82","Avoid empty catch blocks","http://pmd.sourceforge.net/rules/index.html#EmptyCatchBlock","1546557513","pmd",""
"2","EmptyCatchBlock","C:\pmd_baseline\osgi\plugins\com.ibm.di.connector.taddm\impl\com\ibm\di\connector\taddm\cdm\model\EntryConverter.java","229","Avoid empty catch blocks","http://pmd.sourceforge.net/rules/index.html#EmptyCatchBlock","-1549343632","pmd",""
"2","EmptyCatchBlock","C:\pmd_baseline\osgi\plugins\com.ibm.di.connector.taddm\impl\com\ibm\di\connector\taddm\cdm\model\EntryConverter.java","464","Avoid empty catch blocks","http://pmd.sourceforge.net/rules/index.html#EmptyCatchBlock","-782652896","pmd",""
"2","EmptyCatchBlock","C:\pmd_baseline\osgi\plugins\com.ibm.di.connector.taddm\impl\com\ibm\di\connector\taddm\cdm\model\EntryConverter.java","555","Avoid empty catch blocks","http://pmd.sourceforge.net/rules/index.html#EmptyCatchBlock","-782652896","pmd",""
"2","EmptyCatchBlock","C:\pmd_baseline\osgi\plugins\com.ibm.di.connector.taddm\impl\com\ibm\di\connector\taddm\cdm\model\ModelObjectConverter.java","876","Avoid empty catch blocks","http://pmd.sourceforge.net/rules/index.html#EmptyCatchBlock","-782652896","pmd",""
"2","EmptyCatchBlock","C:\pmd_baseline\osgi\plugins\com.ibm.di.tp.server\src\com\ibm\di\tp\server\model\config\ObjectFactory.java","392","Avoid empty catch blocks","http://pmd.sourceforge.net/rules/index.html#EmptyCatchBlock","-177687131","pmd",""
"2","EmptyStatementNotInLoop","C:\pmd_baseline\osgi\plugins\com.ibm.di.api.connection\src\com\ibm\di\api\connection\internal\track\RemoteReferenceTracker.java","74","An empty statement (semicolon) not part of a loop","http://pmd.sourceforge.net/rules/index.html#EmptyStatementNotInLoop","59","pmd",""
"2","EmptyStatementNotInLoop","C:\pmd_baseline\osgi\plugins\com.ibm.di.bundle\src\com\ibm\di\nls\L10N.java","91","An empty statement (semicolon) not part of a loop","http://pmd.sourceforge.net/rules/index.html#EmptyStatementNotInLoop","59","pmd",""
"2","EmptyStatementNotInLoop","C:\pmd_baseline\osgi\plugins\com.ibm.di.bundle\src\com\ibm\di\nls\L10NFactory.java","54","An empty statement (semicolon) not part of a loop","http://pmd.sourceforge.net/rules/index.html#EmptyStatementNotInLoop","59","pmd",""
"2","EmptyStatementNotInLoop","C:\pmd_baseline\osgi\plugins\com.ibm.di.bundle\src\com\ibm\di\nls\L10NFactory.java","56","An empty statement (semicolon) not part of a loop","http://pmd.sourceforge.net/rules/index.html#EmptyStatementNotInLoop","59","pmd",""
"2","EmptyStatementNotInLoop","C:\pmd_baseline\osgi\plugins\com.ibm.di.bundle\src\com\ibm\di\nls\L10NFactory.java","58","An empty statement (semicolon) not part of a loop","http://pmd.sourceforge.net/rules/index.html#EmptyStatementNotInLoop","59","pmd",""
"2","EmptyStatementNotInLoop","C:\pmd_baseline\osgi\plugins\com.ibm.di.bundle\src\com\ibm\di\nls\L10NFactory.java","60","An empty statement (semicolon) not part of a loop","http://pmd.sourceforge.net/rules/index.html#EmptyStatementNotInLoop","59","pmd",""
"2","EmptyStatementNotInLoop","C:\pmd_baseline\osgi\plugins\com.ibm.di.bundle\src\com\ibm\di\nls\L10NFactory.java","62","An empty statement (semicolon) not part of a loop","http://pmd.sourceforge.net/rules/index.html#EmptyStatementNotInLoop","59","pmd",""
"2","EmptyStatementNotInLoop","C:\pmd_baseline\osgi\plugins\com.ibm.di.bundle\src\com\ibm\di\nls\L10NFactory.java","64","An empty statement (semicolon) not part of a loop","http://pmd.sourceforge.net/rules/index.html#EmptyStatementNotInLoop","59","pmd",""
"2","EmptyStatementNotInLoop","C:\pmd_baseline\osgi\plugins\com.ibm.di.bundle\src\com\ibm\di\nls\L10NFactory.java","66","An empty statement (semicolon) not part of a loop","http://pmd.sourceforge.net/rules/index.html#EmptyStatementNotInLoop","59","pmd",""
"2","EmptyStatementNotInLoop","C:\pmd_baseline\osgi\plugins\com.ibm.di.bundle\src\com\ibm\di\nls\L10NFactory.java","68","An empty statement (semicolon) not part of a loop","http://pmd.sourceforge.net/rules/index.html#EmptyStatementNotInLoop","59","pmd",""
"2","EmptyStatementNotInLoop","C:\pmd_baseline\osgi\plugins\com.ibm.di.bundle\src\com\ibm\di\nls\impl\ResourceBundleL10N.java","83","An empty statement (semicolon) not part of a loop","http://pmd.sourceforge.net/rules/index.html#EmptyStatementNotInLoop","59","pmd",""
"2","EmptyStatementNotInLoop","C:\pmd_baseline\osgi\plugins\com.ibm.di.config.bind\src\com\ibm\di\config\bind\BindUtil.java","667","An empty statement (semicolon) not part of a loop","http://pmd.sourceforge.net/rules/index.html#EmptyStatementNotInLoop","-1092445237","pmd",""
"2","EmptyWhileStmt","C:\pmd_baseline\osgi\plugins\com.ibm.di.api.rest\src\com\ibm\di\api\rest\internal\handler\config\ConfigurationFile.java","216","Avoid empty while statements","http://pmd.sourceforge.net/rules/index.html#EmptyWhileStmt","59","pmd",""
"2","EmptyWhileStmt","C:\pmd_baseline\osgi\plugins\com.ibm.di.api.rest\src\com\ibm\di\api\rest\internal\handler\config\ConfigurationFile.java","227","Avoid empty while statements","http://pmd.sourceforge.net/rules/index.html#EmptyWhileStmt","59","pmd",""
"4","UselessOverridingMethod","C:\pmd_baseline\osgi\plugins\com.ibm.di.connector.taddm\src\com\ibm\di\connector\taddm\TADDMConnector.java","1045","Overriding method merely calls super","http://pmd.sourceforge.net/rules/index.html#UselessOverridingMethod","427147227","pmd",""
"4","UselessOverridingMethod","C:\pmd_baseline\osgi\plugins\com.ibm.di.connector.taddm\src\com\ibm\di\connector\taddm\TADDMConnector.java","1078","Overriding method merely calls super","http://pmd.sourceforge.net/rules/index.html#UselessOverridingMethod","1637661095","pmd",""
"4","UselessOverridingMethod","C:\pmd_baseline\osgi\plugins\com.ibm.di.connector.taddm\src\com\ibm\di\connector\taddm\TADDMConnector.java","1099","Overriding method merely calls super","http://pmd.sourceforge.net/rules/index.html#UselessOverridingMethod","892229852","pmd",""
"4","UselessOverridingMethod","C:\pmd_baseline\osgi\plugins\com.ibm.di.connector.taddm\src\com\ibm\di\connector\taddm\TADDMConnector.java","1109","Overriding method merely calls super","http://pmd.sourceforge.net/rules/index.html#UselessOverridingMethod","67514427","pmd",""
"4","UselessOverridingMethod","C:\pmd_baseline\osgi\plugins\com.ibm.di.connector.taddm\src\com\ibm\di\connector\taddm\TADDMConnector.java","1119","Overriding method merely calls super","http://pmd.sourceforge.net/rules/index.html#UselessOverridingMethod","1768216122","pmd",""
"4","UselessOverridingMethod","C:\pmd_baseline\osgi\plugins\com.ibm.di.connector.taddm\src\com\ibm\di\connector\taddm\TADDMConnector.java","1142","Overriding method merely calls super","http://pmd.sourceforge.net/rules/index.html#UselessOverridingMethod","310882793","pmd",""
"4","UselessOverridingMethod","C:\pmd_baseline\osgi\plugins\com.ibm.di.connector.taddm\src\com\ibm\di\connector\taddm\TADDMConnector.java","1165","Overriding method merely calls super","http://pmd.sourceforge.net/rules/index.html#UselessOverridingMethod","1281004097","pmd",""
"4","UselessOverridingMethod","C:\pmd_baseline\src\com\ibm\di\osgi\ConnectorDelegate.java","817","Overriding method merely calls super","http://pmd.sourceforge.net/rules/index.html#UselessOverridingMethod","427147227","pmd",""
"4","UselessOverridingMethod","C:\pmd_baseline\src\com\ibm\di\osgi\ConnectorDelegate.java","850","Overriding method merely calls super","http://pmd.sourceforge.net/rules/index.html#UselessOverridingMethod","1637661095","pmd",""
"4","UselessOverridingMethod","C:\pmd_baseline\src\com\ibm\di\osgi\ConnectorDelegate.java","871","Overriding method merely calls super","http://pmd.sourceforge.net/rules/index.html#UselessOverridingMethod","892229852","pmd",""
"4","UselessOverridingMethod","C:\pmd_baseline\src\com\ibm\di\osgi\ConnectorDelegate.java","881","Overriding method merely calls super","http://pmd.sourceforge.net/rules/index.html#UselessOverridingMethod","67514427","pmd",""
"4","UselessOverridingMethod","C:\pmd_baseline\src\com\ibm\di\osgi\ConnectorDelegate.java","891","Overriding method merely calls super","http://pmd.sourceforge.net/rules/index.html#UselessOverridingMethod","1768216122","pmd",""
"4","UselessOverridingMethod","C:\pmd_baseline\src\com\ibm\di\osgi\ConnectorDelegate.java","914","Overriding method merely calls super","http://pmd.sourceforge.net/rules/index.html#UselessOverridingMethod","310882793","pmd",""
"4","UselessOverridingMethod","C:\pmd_baseline\src\com\ibm\di\osgi\ConnectorDelegate.java","937","Overriding method merely calls super","http://pmd.sourceforge.net/rules/index.html#UselessOverridingMethod","1281004097","pmd",""
"2","AvoidThreadGroup","F:\\src\com\ibm\di\server\RS.java","2785","Avoid using ThreadGroup; it is not thread safe","http://pmd.sourceforge.net/rules/index.html#AvoidThreadGroup","474819518","pmd",""
